[{"model": "home.productcustomfield", "pk": 3, "fields": {"sort_order": 0, "product": 12, "name": "Is this a gift?", "options": "Yes|No"}}, {"model": "home.productcustomfield", "pk": 4, "fields": {"sort_order": 0, "product": 5, "name": "Is this a gift?", "options": "Yes|No"}}, {"model": "home.productcustomfield", "pk": 5, "fields": {"sort_order": 0, "product": 11, "name": "Is this a gift?", "options": "Yes|No"}}, {"model": "home.productcustomfield", "pk": 6, "fields": {"sort_order": 0, "product": 4, "name": "Is this a gift?", "options": "Yes|No"}}, {"model": "wagtailimages.rendition", "pk": 1, "fields": {"filter_spec": "max-165x165", "file": "images/CowboyChuck.max-165x165.png", "width": 126, "height": 165, "focal_point_key": "", "image": 1}}, {"model": "wagtailimages.rendition", "pk": 2, "fields": {"filter_spec": "fill-800x1000", "file": "images/CowboyChuck.2e16d0ba.fill-800x1000.png", "width": 396, "height": 496, "focal_point_key": "2e16d0ba", "image": 1}}, {"model": "wagtailimages.rendition", "pk": 3, "fields": {"filter_spec": "max-400x400", "file": "images/CowboyChuck.max-400x400.png", "width": 306, "height": 400, "focal_point_key": "", "image": 1}}, {"model": "wagtailimages.rendition", "pk": 4, "fields": {"filter_spec": "max-165x165", "file": "images/PartySummer_Optimized.max-165x165.png", "width": 165, "height": 93, "focal_point_key": "", "image": 2}}, {"model": "wagtailimages.rendition", "pk": 5, "fields": {"filter_spec": "fill-800x1000", "file": "images/PartySummer_Optimized.2e16d0ba.fill-800x1000.png", "width": 428, "height": 534, "focal_point_key": "2e16d0ba", "image": 2}}, {"model": "wagtailimages.rendition", "pk": 6, "fields": {"filter_spec": "max-400x400", "file": "images/PartySummer_Optimized.max-400x400.png", "width": 400, "height": 226, "focal_point_key": "", "image": 2}}, {"model": "wagtailimages.rendition", "pk": 7, "fields": {"filter_spec": "original", "file": "images/PartySummer_Optimized.original.png", "width": 944, "height": 534, "focal_point_key": "", "image": 2}}, {"model": "wagtailimages.rendition", "pk": 8, "fields": {"filter_spec": "max-800x600", "file": "images/PartySummer_Optimized.max-800x600.png", "width": 800, "height": 452, "focal_point_key": "", "image": 2}}, {"model": "wagtailimages.rendition", "pk": 9, "fields": {"filter_spec": "max-165x165", "file": "images/CartCoverLudo-Charles.max-165x165.jpg", "width": 165, "height": 110, "focal_point_key": "", "image": 8}}, {"model": "wagtailimages.rendition", "pk": 10, "fields": {"filter_spec": "max-165x165", "file": "images/The_orange_cart.max-165x165.jpg", "width": 132, "height": 165, "focal_point_key": "", "image": 7}}, {"model": "wagtailimages.rendition", "pk": 11, "fields": {"filter_spec": "max-165x165", "file": "images/ShadyCart.max-165x165.jpg", "width": 131, "height": 165, "focal_point_key": "", "image": 6}}, {"model": "wagtailimages.rendition", "pk": 12, "fields": {"filter_spec": "max-165x165", "file": "images/PreownedCart2.max-165x165.jpg", "width": 110, "height": 165, "focal_point_key": "", "image": 5}}, {"model": "wagtailimages.rendition", "pk": 13, "fields": {"filter_spec": "max-165x165", "file": "images/Classic_Cart.max-165x165.jpg", "width": 110, "height": 165, "focal_point_key": "", "image": 4}}, {"model": "wagtailimages.rendition", "pk": 14, "fields": {"filter_spec": "max-165x165", "file": "images/BabyCart.max-165x165.jpg", "width": 165, "height": 165, "focal_point_key": "", "image": 3}}, {"model": "wagtailimages.rendition", "pk": 15, "fields": {"filter_spec": "original", "file": "images/CartCoverLudo-Charles.original.jpg", "width": 5472, "height": 3648, "focal_point_key": "", "image": 8}}, {"model": "wagtailimages.rendition", "pk": 16, "fields": {"filter_spec": "max-800x600", "file": "images/CartCoverLudo-Charles.max-800x600.jpg", "width": 800, "height": 533, "focal_point_key": "", "image": 8}}, {"model": "wagtailimages.rendition", "pk": 17, "fields": {"filter_spec": "fill-800x1000", "file": "images/Classic_Cart.2e16d0ba.fill-800x1000.jpg", "width": 800, "height": 1000, "focal_point_key": "2e16d0ba", "image": 4}}, {"model": "wagtailimages.rendition", "pk": 18, "fields": {"filter_spec": "fill-800x1000", "file": "images/ShadyCart.2e16d0ba.fill-800x1000.jpg", "width": 800, "height": 1000, "focal_point_key": "2e16d0ba", "image": 6}}, {"model": "wagtailimages.rendition", "pk": 19, "fields": {"filter_spec": "fill-800x1000", "file": "images/BabyCart.2e16d0ba.fill-800x1000.jpg", "width": 800, "height": 1000, "focal_point_key": "2e16d0ba", "image": 3}}, {"model": "wagtailimages.rendition", "pk": 20, "fields": {"filter_spec": "max-400x400", "file": "images/BabyCart.max-400x400.jpg", "width": 400, "height": 400, "focal_point_key": "", "image": 3}}, {"model": "wagtailimages.rendition", "pk": 21, "fields": {"filter_spec": "max-400x400", "file": "images/Classic_Cart.max-400x400.jpg", "width": 266, "height": 400, "focal_point_key": "", "image": 4}}, {"model": "wagtailimages.rendition", "pk": 22, "fields": {"filter_spec": "max-400x400", "file": "images/ShadyCart.max-400x400.jpg", "width": 319, "height": 400, "focal_point_key": "", "image": 6}}, {"model": "wagtailimages.rendition", "pk": 23, "fields": {"filter_spec": "original", "file": "images/ShadyCart.original.jpg", "width": 3661, "height": 4577, "focal_point_key": "", "image": 6}}, {"model": "wagtailimages.rendition", "pk": 24, "fields": {"filter_spec": "max-800x600", "file": "images/ShadyCart.max-800x600.jpg", "width": 479, "height": 600, "focal_point_key": "", "image": 6}}, {"model": "wagtailimages.rendition", "pk": 25, "fields": {"filter_spec": "original", "file": "images/BabyCart.original.jpg", "width": 2754, "height": 2754, "focal_point_key": "", "image": 3}}, {"model": "wagtailimages.rendition", "pk": 26, "fields": {"filter_spec": "max-800x600", "file": "images/BabyCart.max-800x600.jpg", "width": 600, "height": 600, "focal_point_key": "", "image": 3}}, {"model": "wagtailimages.rendition", "pk": 27, "fields": {"filter_spec": "original", "file": "images/Classic_Cart.original.jpg", "width": 4000, "height": 6000, "focal_point_key": "", "image": 4}}, {"model": "wagtailimages.rendition", "pk": 28, "fields": {"filter_spec": "max-800x600", "file": "images/Classic_Cart.max-800x600.jpg", "width": 400, "height": 600, "focal_point_key": "", "image": 4}}, {"model": "wagtailimages.rendition", "pk": 29, "fields": {"filter_spec": "fill-800x1000", "file": "images/Classic_Cart.cab585b2.fill-800x1000.jpg", "width": 800, "height": 1000, "focal_point_key": "cab585b2", "image": 4}}, {"model": "wagtailimages.rendition", "pk": 30, "fields": {"filter_spec": "fill-800x1000", "file": "images/ShadyCart.9d572234.fill-800x1000.jpg", "width": 800, "height": 1000, "focal_point_key": "9d572234", "image": 6}}, {"model": "wagtailimages.rendition", "pk": 31, "fields": {"filter_spec": "fill-800x1000", "file": "images/BabyCart.1c49d526.fill-800x1000.jpg", "width": 800, "height": 1000, "focal_point_key": "1c49d526", "image": 3}}, {"model": "wagtailimages.rendition", "pk": 32, "fields": {"filter_spec": "max-165x165", "file": "images/Classic_Cart_se9qOGm.max-165x165.jpg", "width": 165, "height": 136, "focal_point_key": "", "image": 9}}, {"model": "wagtailimages.rendition", "pk": 33, "fields": {"filter_spec": "fill-800x1000", "file": "images/Classic_Cart_se9qOGm.2e16d0ba.fill-800x1000.jpg", "width": 800, "height": 1000, "focal_point_key": "2e16d0ba", "image": 9}}, {"model": "wagtailimages.rendition", "pk": 34, "fields": {"filter_spec": "max-400x400", "file": "images/Classic_Cart_se9qOGm.max-400x400.jpg", "width": 400, "height": 330, "focal_point_key": "", "image": 9}}, {"model": "wagtailimages.rendition", "pk": 35, "fields": {"filter_spec": "fill-800x1000", "file": "images/PreownedCart2.2e16d0ba.fill-800x1000.jpg", "width": 800, "height": 1000, "focal_point_key": "2e16d0ba", "image": 5}}, {"model": "wagtailimages.rendition", "pk": 36, "fields": {"filter_spec": "max-400x400", "file": "images/PreownedCart2.max-400x400.jpg", "width": 266, "height": 400, "focal_point_key": "", "image": 5}}, {"model": "wagtailcore.site", "fields": {"hostname": "localhost", "port": 80, "site_name": "", "root_page": 3, "is_default_site": true}}, {"model": "wagtailcore.collection", "pk": 1, "fields": {"path": "0001", "depth": 1, "numchild": 0, "name": "Root"}}, {"model": "wagtailcore.locale", "pk": 1, "fields": {"language_code": "en"}}, {"model": "wagtailcore.workflowpage", "pk": 1, "fields": {"workflow": 1}}, {"model": "wagtailcore.workflowtask", "pk": 1, "fields": {"sort_order": 0, "workflow": 1, "task": 1}}, {"model": "wagtailcore.task", "pk": 1, "fields": {"name": "Moderators approval", "content_type": ["wagtailcore", "groupapprovaltask"], "active": true}}, {"model": "wagtailcore.workflow", "pk": 1, "fields": {"name": "Moderators approval", "active": true}}, {"model": "auth.group", "fields": {"name": "Moderators", "permissions": [["access_admin", "wagtailadmin", "admin"], ["add_document", "wagtaildocs", "document"], ["change_document", "wagtaildocs", "document"], ["choose_document", "wagtaildocs", "document"], ["delete_document", "wagtaildocs", "document"], ["add_image", "wagtailimages", "image"], ["change_image", "wagtailimages", "image"], ["delete_image", "wagtailimages", "image"]]}}, {"model": "auth.group", "fields": {"name": "Editors", "permissions": [["access_admin", "wagtailadmin", "admin"], ["add_document", "wagtaildocs", "document"], ["change_document", "wagtaildocs", "document"], ["choose_document", "wagtaildocs", "document"], ["delete_document", "wagtaildocs", "document"], ["add_image", "wagtailimages", "image"], ["change_image", "wagtailimages", "image"], ["delete_image", "wagtailimages", "image"]]}}, {"model": "auth.user", "fields": {"password": "pbkdf2_sha256$260000$MzLPilKkohVkTmHCYd8xgC$wLpi4NcCtWfCYMaN8MqgSbRqUWwOBX9qzkRZG+guT8Q=", "last_login": "2021-08-24T01:38:45.287Z", "is_superuser": true, "username": "ludovic", "first_name": "", "last_name": "", "email": "ludovic@snipcart.com", "is_staff": true, "is_active": true, "date_joined": "2021-08-24T01:37:26.591Z", "groups": [], "user_permissions": []}}, {"model": "sessions.session", "pk": "gbnx0df5eyp3dg26ixcuixh43bwuf3ae", "fields": {"session_data": ".eJxtjdlOwkAYhd-lF72CBrpMOya9ALdUobiASoyZzPK3HS2d2pkKanx3SyARE-5OzneWb4vQ1hSk1dAQKawTa2j1Dj1G-RtUWyBeaZUrh6vKNJI524izp9qZKgHleJ_9N1BQXXRtL8TgBUJgnLkexiFnHvYFG7oUB1hAFPmcDniGfMRwGDEQkY8z6nsCuQFzI9aNrmluqCz7dQMfEtZ96-TZ4rrJVlKIEta0AaO6_5gVyK3zRw99oc-zG5qO0sUDG2zOVvk9ulZedH6Kktnt5mryPkafF5e-qbFaTgx6eky05-KlXcHGxDZXqxVUhlTKyExyaqSqdKwq20hTQjxiqjW2Lts8pjsJiuxQJ2nDCyJA80bW22Js54qU8gMI7aZhU8tmJ_cvuj-fzUcTcjG7m97Hgz87SZN5cgxMk5Ski-kRMHo6AFZviFwchgOMAycMojAIX35-AScUqac:1mILsx:F7CPMjou-7eV24mOV6zyQZa-cas8ah8-YCQ82WlUHBM", "expire_date": "2021-09-07T02:09:55.798Z"}}, {"model": "wagtailcore.pagesubscription", "pk": 1, "fields": {"user": ["ludovic"], "page": 4, "comment_notifications": true}}, {"model": "wagtailcore.pagesubscription", "pk": 2, "fields": {"user": ["ludovic"], "page": 5, "comment_notifications": true}}, {"model": "wagtailcore.pagesubscription", "pk": 7, "fields": {"user": ["ludovic"], "page": 10, "comment_notifications": true}}, {"model": "wagtailcore.pagesubscription", "pk": 8, "fields": {"user": ["ludovic"], "page": 11, "comment_notifications": true}}, {"model": "wagtailcore.pagesubscription", "pk": 9, "fields": {"user": ["ludovic"], "page": 12, "comment_notifications": true}}, {"model": "wagtailcore.pagelogentry", "pk": 1, "fields": {"content_type": ["home", "product"], "label": "The Shady Cart", "action": "wagtail.create", "data_json": "\"\"", "timestamp": "2021-08-24T01:40:37.224Z", "user": ["ludovic"], "content_changed": true, "deleted": false, "page": 4, "revision": null}}, {"model": "wagtailcore.pagelogentry", "pk": 2, "fields": {"content_type": ["home", "product"], "label": "The Shady Cart", "action": "wagtail.edit", "data_json": "\"\"", "timestamp": "2021-08-24T01:41:38.971Z", "user": ["ludovic"], "content_changed": true, "deleted": false, "page": 4, "revision": 2}}, {"model": "wagtailcore.pagelogentry", "pk": 3, "fields": {"content_type": ["home", "product"], "label": "The Shady Cart", "action": "wagtail.publish", "data_json": "null", "timestamp": "2021-08-24T01:41:39.010Z", "user": ["ludovic"], "content_changed": true, "deleted": false, "page": 4, "revision": 2}}, {"model": "wagtailcore.pagelogentry", "pk": 4, "fields": {"content_type": ["home", "product"], "label": "The Classic Cart", "action": "wagtail.create", "data_json": "\"\"", "timestamp": "2021-08-24T01:54:27.236Z", "user": ["ludovic"], "content_changed": true, "deleted": false, "page": 5, "revision": null}}, {"model": "wagtailcore.pagelogentry", "pk": 5, "fields": {"content_type": ["home", "product"], "label": "The Classic Cart", "action": "wagtail.edit", "data_json": "\"\"", "timestamp": "2021-08-24T01:55:19.755Z", "user": ["ludovic"], "content_changed": true, "deleted": false, "page": 5, "revision": 4}}, {"model": "wagtailcore.pagelogentry", "pk": 6, "fields": {"content_type": ["home", "product"], "label": "The Classic Cart", "action": "wagtail.edit", "data_json": "\"\"", "timestamp": "2021-08-24T01:55:25.729Z", "user": ["ludovic"], "content_changed": true, "deleted": false, "page": 5, "revision": 5}}, {"model": "wagtailcore.pagelogentry", "pk": 7, "fields": {"content_type": ["home", "product"], "label": "The Classic Cart", "action": "wagtail.publish", "data_json": "null", "timestamp": "2021-08-24T01:55:25.759Z", "user": ["ludovic"], "content_changed": true, "deleted": false, "page": 5, "revision": 5}}, {"model": "wagtailcore.pagelogentry", "pk": 8, "fields": {"content_type": ["home", "product"], "label": "The Classic Cart", "action": "wagtail.edit", "data_json": "\"\"", "timestamp": "2021-08-24T02:06:47.193Z", "user": ["ludovic"], "content_changed": true, "deleted": false, "page": 5, "revision": 6}}, {"model": "wagtailcore.pagelogentry", "pk": 9, "fields": {"content_type": ["home", "product"], "label": "The Classic Cart", "action": "wagtail.publish", "data_json": "null", "timestamp": "2021-08-24T02:06:47.227Z", "user": ["ludovic"], "content_changed": false, "deleted": false, "page": 5, "revision": 6}}, {"model": "wagtailcore.pagelogentry", "pk": 10, "fields": {"content_type": ["home", "homepage"], "label": "About", "action": "wagtail.create", "data_json": "\"\"", "timestamp": "2021-08-24T02:10:06.265Z", "user": ["ludovic"], "content_changed": true, "deleted": false, "page": 6, "revision": null}}, {"model": "wagtailcore.pagelogentry", "pk": 11, "fields": {"content_type": ["home", "homepage"], "label": "About", "action": "wagtail.publish", "data_json": "null", "timestamp": "2021-08-24T02:10:06.307Z", "user": ["ludovic"], "content_changed": true, "deleted": false, "page": 6, "revision": 7}}, {"model": "wagtailcore.pagelogentry", "pk": 12, "fields": {"content_type": ["home", "homepage"], "label": "About", "action": "wagtail.edit", "data_json": "\"\"", "timestamp": "2021-08-24T02:10:37.662Z", "user": ["ludovic"], "content_changed": true, "deleted": false, "page": 6, "revision": 8}}, {"model": "wagtailcore.pagelogentry", "pk": 13, "fields": {"content_type": ["home", "homepage"], "label": "About", "action": "wagtail.publish", "data_json": "null", "timestamp": "2021-08-24T02:10:37.694Z", "user": ["ludovic"], "content_changed": true, "deleted": false, "page": 6, "revision": 8}}, {"model": "wagtailcore.pagelogentry", "pk": 14, "fields": {"content_type": ["home", "homepage"], "label": "About", "action": "wagtail.delete", "data_json": "\"\"", "timestamp": "2021-08-24T02:11:40.891Z", "user": ["ludovic"], "content_changed": false, "deleted": true, "page": 6, "revision": null}}, {"model": "wagtailcore.pagelogentry", "pk": 15, "fields": {"content_type": ["home", "homepage"], "label": "About", "action": "wagtail.create", "data_json": "\"\"", "timestamp": "2021-08-24T02:12:12.729Z", "user": ["ludovic"], "content_changed": true, "deleted": false, "page": 7, "revision": null}}, {"model": "wagtailcore.pagelogentry", "pk": 16, "fields": {"content_type": ["home", "homepage"], "label": "About", "action": "wagtail.publish", "data_json": "null", "timestamp": "2021-08-24T02:12:12.768Z", "user": ["ludovic"], "content_changed": true, "deleted": false, "page": 7, "revision": 9}}, {"model": "wagtailcore.pagelogentry", "pk": 17, "fields": {"content_type": ["home", "homepage"], "label": "About", "action": "wagtail.delete", "data_json": "\"\"", "timestamp": "2021-08-24T02:12:35.782Z", "user": ["ludovic"], "content_changed": false, "deleted": true, "page": 7, "revision": null}}, {"model": "wagtailcore.pagelogentry", "pk": 18, "fields": {"content_type": ["home", "homepage"], "label": "Shop", "action": "wagtail.create", "data_json": "\"\"", "timestamp": "2021-08-24T14:00:16.997Z", "user": ["ludovic"], "content_changed": true, "deleted": false, "page": 8, "revision": null}}, {"model": "wagtailcore.pagelogentry", "pk": 19, "fields": {"content_type": ["home", "homepage"], "label": "Shop", "action": "wagtail.edit", "data_json": "\"\"", "timestamp": "2021-08-24T14:00:29.291Z", "user": ["ludovic"], "content_changed": true, "deleted": false, "page": 8, "revision": 11}}, {"model": "wagtailcore.pagelogentry", "pk": 20, "fields": {"content_type": ["home", "homepage"], "label": "Shop", "action": "wagtail.publish", "data_json": "null", "timestamp": "2021-08-24T14:00:29.316Z", "user": ["ludovic"], "content_changed": true, "deleted": false, "page": 8, "revision": 11}}, {"model": "wagtailcore.pagelogentry", "pk": 21, "fields": {"content_type": ["home", "product"], "label": "Test", "action": "wagtail.create", "data_json": "\"\"", "timestamp": "2021-08-24T14:10:54.556Z", "user": ["ludovic"], "content_changed": true, "deleted": false, "page": 9, "revision": null}}, {"model": "wagtailcore.pagelogentry", "pk": 22, "fields": {"content_type": ["home", "product"], "label": "Test", "action": "wagtail.publish", "data_json": "null", "timestamp": "2021-08-24T14:10:54.594Z", "user": ["ludovic"], "content_changed": true, "deleted": false, "page": 9, "revision": 12}}, {"model": "wagtailcore.pagelogentry", "pk": 23, "fields": {"content_type": ["home", "homepage"], "label": "Shop", "action": "wagtail.create", "data_json": "\"\"", "timestamp": "2021-08-24T14:13:23.599Z", "user": ["ludovic"], "content_changed": true, "deleted": false, "page": 10, "revision": null}}, {"model": "wagtailcore.pagelogentry", "pk": 24, "fields": {"content_type": ["home", "homepage"], "label": "Shop", "action": "wagtail.edit", "data_json": "\"\"", "timestamp": "2021-08-24T14:13:41.912Z", "user": ["ludovic"], "content_changed": true, "deleted": false, "page": 10, "revision": 14}}, {"model": "wagtailcore.pagelogentry", "pk": 25, "fields": {"content_type": ["home", "homepage"], "label": "Shop", "action": "wagtail.publish", "data_json": "null", "timestamp": "2021-08-24T14:13:41.935Z", "user": ["ludovic"], "content_changed": false, "deleted": false, "page": 10, "revision": 14}}, {"model": "wagtailcore.pagelogentry", "pk": 26, "fields": {"content_type": ["home", "product"], "label": "Test", "action": "wagtail.delete", "data_json": "\"\"", "timestamp": "2021-08-24T14:13:54.625Z", "user": ["ludovic"], "content_changed": false, "deleted": true, "page": 9, "revision": null}}, {"model": "wagtailcore.pagelogentry", "pk": 27, "fields": {"content_type": ["home", "homepage"], "label": "Shop", "action": "wagtail.delete", "data_json": "\"\"", "timestamp": "2021-08-24T14:13:54.629Z", "user": ["ludovic"], "content_changed": false, "deleted": true, "page": 8, "revision": null}}, {"model": "wagtailcore.pagelogentry", "pk": 28, "fields": {"content_type": ["home", "product"], "label": "The Classic Cart", "action": "wagtail.move", "data_json": "{\"source\": {\"id\": 3, \"title\": \"Home\"}, \"destination\": {\"id\": 10, \"title\": \"Shop\"}}", "timestamp": "2021-08-24T14:19:22.648Z", "user": ["ludovic"], "content_changed": false, "deleted": false, "page": 5, "revision": null}}, {"model": "wagtailcore.pagelogentry", "pk": 29, "fields": {"content_type": ["home", "product"], "label": "The Shady Cart", "action": "wagtail.move", "data_json": "{\"source\": {\"id\": 3, \"title\": \"Home\"}, \"destination\": {\"id\": 10, \"title\": \"Shop\"}}", "timestamp": "2021-08-24T14:19:36.689Z", "user": ["ludovic"], "content_changed": false, "deleted": false, "page": 4, "revision": null}}, {"model": "wagtailcore.pagelogentry", "pk": 30, "fields": {"content_type": ["home", "product"], "label": "The Classic Cart", "action": "wagtail.edit", "data_json": "\"\"", "timestamp": "2021-08-24T15:30:18.673Z", "user": ["ludovic"], "content_changed": true, "deleted": false, "page": 5, "revision": 15}}, {"model": "wagtailcore.pagelogentry", "pk": 31, "fields": {"content_type": ["home", "product"], "label": "The Classic Cart", "action": "wagtail.rename", "data_json": "{\"title\": {\"old\": \"The Classic Cart\", \"new\": \"The Classic Cart\"}}", "timestamp": "2021-08-24T15:30:18.711Z", "user": ["ludovic"], "content_changed": false, "deleted": false, "page": 5, "revision": 15}}, {"model": "wagtailcore.pagelogentry", "pk": 32, "fields": {"content_type": ["home", "product"], "label": "The Classic Cart", "action": "wagtail.publish", "data_json": "{\"title\": {\"old\": \"The Classic Cart\", \"new\": \"The Classic Cart\"}}", "timestamp": "2021-08-24T15:30:18.714Z", "user": ["ludovic"], "content_changed": true, "deleted": false, "page": 5, "revision": 15}}, {"model": "wagtailcore.pagelogentry", "pk": 33, "fields": {"content_type": ["home", "product"], "label": "The Shady Cart", "action": "wagtail.edit", "data_json": "\"\"", "timestamp": "2021-08-24T15:31:16.353Z", "user": ["ludovic"], "content_changed": true, "deleted": false, "page": 4, "revision": 16}}, {"model": "wagtailcore.pagelogentry", "pk": 34, "fields": {"content_type": ["home", "product"], "label": "The Shady Cart", "action": "wagtail.rename", "data_json": "{\"title\": {\"old\": \"The Shady Cart\", \"new\": \"The Shady Cart\"}}", "timestamp": "2021-08-24T15:31:16.388Z", "user": ["ludovic"], "content_changed": false, "deleted": false, "page": 4, "revision": 16}}, {"model": "wagtailcore.pagelogentry", "pk": 35, "fields": {"content_type": ["home", "product"], "label": "The Shady Cart", "action": "wagtail.publish", "data_json": "{\"title\": {\"old\": \"The Shady Cart\", \"new\": \"The Shady Cart\"}}", "timestamp": "2021-08-24T15:31:16.391Z", "user": ["ludovic"], "content_changed": true, "deleted": false, "page": 4, "revision": 16}}, {"model": "wagtailcore.pagelogentry", "pk": 36, "fields": {"content_type": ["home", "product"], "label": "The Little Cart", "action": "wagtail.create", "data_json": "\"\"", "timestamp": "2021-08-24T15:32:21.221Z", "user": ["ludovic"], "content_changed": true, "deleted": false, "page": 11, "revision": null}}, {"model": "wagtailcore.pagelogentry", "pk": 37, "fields": {"content_type": ["home", "product"], "label": "The Little Cart", "action": "wagtail.publish", "data_json": "null", "timestamp": "2021-08-24T15:32:21.267Z", "user": ["ludovic"], "content_changed": true, "deleted": false, "page": 11, "revision": 17}}, {"model": "wagtailcore.pagelogentry", "pk": 38, "fields": {"content_type": ["home", "product"], "label": "The Classic Cart", "action": "wagtail.edit", "data_json": "\"\"", "timestamp": "2021-08-24T15:58:00.901Z", "user": ["ludovic"], "content_changed": true, "deleted": false, "page": 5, "revision": 18}}, {"model": "wagtailcore.pagelogentry", "pk": 39, "fields": {"content_type": ["home", "product"], "label": "The Classic Cart", "action": "wagtail.publish", "data_json": "null", "timestamp": "2021-08-24T15:58:00.935Z", "user": ["ludovic"], "content_changed": true, "deleted": false, "page": 5, "revision": 18}}, {"model": "wagtailcore.pagelogentry", "pk": 40, "fields": {"content_type": ["home", "product"], "label": "The Pre-Owned Cart", "action": "wagtail.create", "data_json": "\"\"", "timestamp": "2021-08-24T19:00:02.678Z", "user": ["ludovic"], "content_changed": true, "deleted": false, "page": 12, "revision": null}}, {"model": "wagtailcore.pagelogentry", "pk": 41, "fields": {"content_type": ["home", "product"], "label": "The Pre-Owned Cart", "action": "wagtail.publish", "data_json": "null", "timestamp": "2021-08-24T19:00:02.717Z", "user": ["ludovic"], "content_changed": true, "deleted": false, "page": 12, "revision": 19}}, {"model": "wagtailcore.pagelogentry", "pk": 42, "fields": {"content_type": ["home", "homepage"], "label": "test", "action": "wagtail.create", "data_json": "\"\"", "timestamp": "2021-08-25T15:41:56.509Z", "user": ["ludovic"], "content_changed": true, "deleted": false, "page": 13, "revision": null}}, {"model": "wagtailcore.pagelogentry", "pk": 43, "fields": {"content_type": ["home", "homepage"], "label": "test", "action": "wagtail.delete", "data_json": "\"\"", "timestamp": "2021-08-25T15:42:19.219Z", "user": ["ludovic"], "content_changed": false, "deleted": true, "page": 13, "revision": null}}, {"model": "wagtailcore.pagelogentry", "pk": 44, "fields": {"content_type": ["home", "product"], "label": "The Pre-Owned Cart", "action": "wagtail.edit", "data_json": "\"\"", "timestamp": "2021-08-25T17:45:56.567Z", "user": ["ludovic"], "content_changed": true, "deleted": false, "page": 12, "revision": 21}}, {"model": "wagtailcore.pagelogentry", "pk": 45, "fields": {"content_type": ["home", "product"], "label": "The Pre-Owned Cart", "action": "wagtail.publish", "data_json": "null", "timestamp": "2021-08-25T17:45:56.604Z", "user": ["ludovic"], "content_changed": true, "deleted": false, "page": 12, "revision": 21}}, {"model": "wagtailcore.pagelogentry", "pk": 46, "fields": {"content_type": ["home", "product"], "label": "The Classic Cart", "action": "wagtail.edit", "data_json": "\"\"", "timestamp": "2021-08-25T17:46:10.425Z", "user": ["ludovic"], "content_changed": true, "deleted": false, "page": 5, "revision": 22}}, {"model": "wagtailcore.pagelogentry", "pk": 47, "fields": {"content_type": ["home", "product"], "label": "The Classic Cart", "action": "wagtail.publish", "data_json": "null", "timestamp": "2021-08-25T17:46:10.456Z", "user": ["ludovic"], "content_changed": true, "deleted": false, "page": 5, "revision": 22}}, {"model": "wagtailcore.pagelogentry", "pk": 48, "fields": {"content_type": ["home", "product"], "label": "The Little Cart", "action": "wagtail.edit", "data_json": "\"\"", "timestamp": "2021-08-25T17:47:01.745Z", "user": ["ludovic"], "content_changed": true, "deleted": false, "page": 11, "revision": 23}}, {"model": "wagtailcore.pagelogentry", "pk": 49, "fields": {"content_type": ["home", "product"], "label": "The Little Cart", "action": "wagtail.publish", "data_json": "null", "timestamp": "2021-08-25T17:47:01.776Z", "user": ["ludovic"], "content_changed": true, "deleted": false, "page": 11, "revision": 23}}, {"model": "wagtailcore.pagelogentry", "pk": 50, "fields": {"content_type": ["home", "product"], "label": "The Shady Cart", "action": "wagtail.edit", "data_json": "\"\"", "timestamp": "2021-08-25T17:47:15.312Z", "user": ["ludovic"], "content_changed": true, "deleted": false, "page": 4, "revision": 24}}, {"model": "wagtailcore.pagelogentry", "pk": 51, "fields": {"content_type": ["home", "product"], "label": "The Shady Cart", "action": "wagtail.publish", "data_json": "null", "timestamp": "2021-08-25T17:47:15.342Z", "user": ["ludovic"], "content_changed": true, "deleted": false, "page": 4, "revision": 24}}, {"model": "wagtailcore.groupapprovaltask", "pk": 1, "fields": {"task_ptr": 1, "groups": [["Moderators"]]}}, {"model": "wagtailcore.grouppagepermission", "pk": 1, "fields": {"group": ["Moderators"], "page": 1, "permission_type": "add"}}, {"model": "wagtailcore.grouppagepermission", "pk": 2, "fields": {"group": ["Moderators"], "page": 1, "permission_type": "edit"}}, {"model": "wagtailcore.grouppagepermission", "pk": 3, "fields": {"group": ["Moderators"], "page": 1, "permission_type": "publish"}}, {"model": "wagtailcore.grouppagepermission", "pk": 4, "fields": {"group": ["Editors"], "page": 1, "permission_type": "add"}}, {"model": "wagtailcore.grouppagepermission", "pk": 5, "fields": {"group": ["Editors"], "page": 1, "permission_type": "edit"}}, {"model": "wagtailcore.grouppagepermission", "pk": 6, "fields": {"group": ["Moderators"], "page": 1, "permission_type": "lock"}}, {"model": "wagtailcore.grouppagepermission", "pk": 7, "fields": {"group": ["Moderators"], "page": 1, "permission_type": "unlock"}}, {"model": "wagtailcore.pagerevision", "pk": 1, "fields": {"page": 4, "submitted_for_moderation": false, "created_at": "2021-08-24T01:40:37.238Z", "user": ["ludovic"], "content_json": "{\"pk\": 4, \"path\": \"000100010001\", \"depth\": 3, \"numchild\": 0, \"translation_key\": \"2378d797-c189-4c83-b8d2-8f2d3aa0dfbc\", \"locale\": 1, \"title\": \"The Shady Cart\", \"draft_title\": \"The Shady Cart\", \"slug\": \"the-shady-cart\", \"content_type\": 7, \"live\": false, \"has_unpublished_changes\": false, \"url_path\": \"/home/the-shady-cart/\", \"owner\": 1, \"seo_title\": \"\", \"show_in_menus\": false, \"search_description\": \"\", \"go_live_at\": null, \"expire_at\": null, \"expired\": false, \"locked\": false, \"locked_at\": null, \"locked_by\": null, \"first_published_at\": null, \"last_published_at\": null, \"latest_revision_created_at\": null, \"live_revision\": null, \"alias_of\": null, \"sku\": \"1\", \"short_description\": \"Don't be like Charles, don't be a cowboy developer\", \"price\": \"200\", \"image\": 1, \"comments\": [], \"custom_fields\": []}", "approved_go_live_at": null}}, {"model": "wagtailcore.pagerevision", "pk": 2, "fields": {"page": 4, "submitted_for_moderation": false, "created_at": "2021-08-24T01:41:38.962Z", "user": ["ludovic"], "content_json": "{\"pk\": 4, \"path\": \"000100010001\", \"depth\": 3, \"numchild\": 0, \"translation_key\": \"2378d797-c189-4c83-b8d2-8f2d3aa0dfbc\", \"locale\": 1, \"title\": \"The Shady Cart\", \"draft_title\": \"The Shady Cart\", \"slug\": \"the-shady-cart\", \"content_type\": 7, \"live\": false, \"has_unpublished_changes\": true, \"url_path\": \"/home/the-shady-cart/\", \"owner\": 1, \"seo_title\": \"\", \"show_in_menus\": false, \"search_description\": \"\", \"go_live_at\": null, \"expire_at\": null, \"expired\": false, \"locked\": false, \"locked_at\": null, \"locked_by\": null, \"first_published_at\": null, \"last_published_at\": null, \"latest_revision_created_at\": \"2021-08-24T01:40:37.238Z\", \"live_revision\": null, \"alias_of\": null, \"sku\": \"1\", \"short_description\": \"Don't be like Charles, don't be a cowboy developer\", \"price\": \"200\", \"image\": 1, \"comments\": [], \"custom_fields\": [{\"pk\": null, \"sort_order\": 0, \"product\": 4, \"name\": \"Format\", \"options\": \"GIF\"}]}", "approved_go_live_at": null}}, {"model": "wagtailcore.pagerevision", "pk": 3, "fields": {"page": 5, "submitted_for_moderation": false, "created_at": "2021-08-24T01:54:27.248Z", "user": ["ludovic"], "content_json": "{\"pk\": 5, \"path\": \"000100010002\", \"depth\": 3, \"numchild\": 0, \"translation_key\": \"87728ca7-7587-4565-b39d-f825bca4706f\", \"locale\": 1, \"title\": \"The Classic Cart\", \"draft_title\": \"The Classic Cart\", \"slug\": \"the-classic-cart\", \"content_type\": 7, \"live\": false, \"has_unpublished_changes\": false, \"url_path\": \"/home/the-classic-cart/\", \"owner\": 1, \"seo_title\": \"\", \"show_in_menus\": false, \"search_description\": \"\", \"go_live_at\": null, \"expire_at\": null, \"expired\": false, \"locked\": false, \"locked_at\": null, \"locked_by\": null, \"first_published_at\": null, \"last_published_at\": null, \"latest_revision_created_at\": null, \"live_revision\": null, \"alias_of\": null, \"sku\": \"2\", \"short_description\": \"\", \"price\": \"250\", \"image\": 2, \"comments\": [], \"custom_fields\": []}", "approved_go_live_at": null}}, {"model": "wagtailcore.pagerevision", "pk": 4, "fields": {"page": 5, "submitted_for_moderation": false, "created_at": "2021-08-24T01:55:19.745Z", "user": ["ludovic"], "content_json": "{\"pk\": 5, \"path\": \"000100010002\", \"depth\": 3, \"numchild\": 0, \"translation_key\": \"87728ca7-7587-4565-b39d-f825bca4706f\", \"locale\": 1, \"title\": \"The Classic Cart\", \"draft_title\": \"The Classic Cart\", \"slug\": \"the-classic-cart\", \"content_type\": 7, \"live\": false, \"has_unpublished_changes\": true, \"url_path\": \"/home/the-classic-cart/\", \"owner\": 1, \"seo_title\": \"\", \"show_in_menus\": false, \"search_description\": \"\", \"go_live_at\": null, \"expire_at\": null, \"expired\": false, \"locked\": false, \"locked_at\": null, \"locked_by\": null, \"first_published_at\": null, \"last_published_at\": null, \"latest_revision_created_at\": \"2021-08-24T01:54:27.248Z\", \"live_revision\": null, \"alias_of\": null, \"sku\": \"2\", \"short_description\": \"Can you still feel the summer vibe?\", \"price\": \"250\", \"image\": 2, \"comments\": [], \"custom_fields\": [{\"pk\": null, \"sort_order\": 0, \"product\": 5, \"name\": \"Format\", \"options\": \"GIF\"}]}", "approved_go_live_at": null}}, {"model": "wagtailcore.pagerevision", "pk": 5, "fields": {"page": 5, "submitted_for_moderation": false, "created_at": "2021-08-24T01:55:25.722Z", "user": ["ludovic"], "content_json": "{\"pk\": 5, \"path\": \"000100010002\", \"depth\": 3, \"numchild\": 0, \"translation_key\": \"87728ca7-7587-4565-b39d-f825bca4706f\", \"locale\": 1, \"title\": \"The Classic Cart\", \"draft_title\": \"The Classic Cart\", \"slug\": \"the-classic-cart\", \"content_type\": 7, \"live\": false, \"has_unpublished_changes\": true, \"url_path\": \"/home/the-classic-cart/\", \"owner\": 1, \"seo_title\": \"\", \"show_in_menus\": false, \"search_description\": \"\", \"go_live_at\": null, \"expire_at\": null, \"expired\": false, \"locked\": false, \"locked_at\": null, \"locked_by\": null, \"first_published_at\": null, \"last_published_at\": null, \"latest_revision_created_at\": \"2021-08-24T01:55:19.745Z\", \"live_revision\": null, \"alias_of\": null, \"sku\": \"2\", \"short_description\": \"Can you still feel the summer vibe?\", \"price\": \"250\", \"image\": 2, \"comments\": [], \"custom_fields\": [{\"pk\": null, \"sort_order\": 0, \"product\": 5, \"name\": \"Format\", \"options\": \"GIF\"}]}", "approved_go_live_at": null}}, {"model": "wagtailcore.pagerevision", "pk": 6, "fields": {"page": 5, "submitted_for_moderation": false, "created_at": "2021-08-24T02:06:47.185Z", "user": ["ludovic"], "content_json": "{\"pk\": 5, \"path\": \"000100010002\", \"depth\": 3, \"numchild\": 0, \"translation_key\": \"87728ca7-7587-4565-b39d-f825bca4706f\", \"locale\": 1, \"title\": \"The Classic Cart\", \"draft_title\": \"The Classic Cart\", \"slug\": \"the-classic-cart\", \"content_type\": 7, \"live\": true, \"has_unpublished_changes\": false, \"url_path\": \"/home/the-classic-cart/\", \"owner\": 1, \"seo_title\": \"\", \"show_in_menus\": false, \"search_description\": \"\", \"go_live_at\": null, \"expire_at\": null, \"expired\": false, \"locked\": false, \"locked_at\": null, \"locked_by\": null, \"first_published_at\": \"2021-08-24T01:55:25.741Z\", \"last_published_at\": \"2021-08-24T01:55:25.741Z\", \"latest_revision_created_at\": \"2021-08-24T01:55:25.722Z\", \"live_revision\": 5, \"alias_of\": null, \"sku\": \"2\", \"short_description\": \"Can you still feel the summer vibe?\", \"price\": \"250.00\", \"image\": 2, \"comments\": [], \"custom_fields\": [{\"pk\": 2, \"sort_order\": 0, \"product\": 5, \"name\": \"Format\", \"options\": \"GIF\"}]}", "approved_go_live_at": null}}, {"model": "wagtailcore.pagerevision", "pk": 13, "fields": {"page": 10, "submitted_for_moderation": false, "created_at": "2021-08-24T14:13:23.608Z", "user": ["ludovic"], "content_json": "{\"pk\": 10, \"path\": \"000100010003\", \"depth\": 3, \"numchild\": 0, \"translation_key\": \"71594a48-cbfb-43be-b348-9798a20191db\", \"locale\": 1, \"title\": \"Shop\", \"draft_title\": \"Shop\", \"slug\": \"shop\", \"content_type\": 4, \"live\": false, \"has_unpublished_changes\": false, \"url_path\": \"/home/shop/\", \"owner\": 1, \"seo_title\": \"\", \"show_in_menus\": false, \"search_description\": \"\", \"go_live_at\": null, \"expire_at\": null, \"expired\": false, \"locked\": false, \"locked_at\": null, \"locked_by\": null, \"first_published_at\": null, \"last_published_at\": null, \"latest_revision_created_at\": null, \"live_revision\": null, \"alias_of\": null, \"comments\": []}", "approved_go_live_at": null}}, {"model": "wagtailcore.pagerevision", "pk": 14, "fields": {"page": 10, "submitted_for_moderation": false, "created_at": "2021-08-24T14:13:41.905Z", "user": ["ludovic"], "content_json": "{\"pk\": 10, \"path\": \"000100010003\", \"depth\": 3, \"numchild\": 0, \"translation_key\": \"71594a48-cbfb-43be-b348-9798a20191db\", \"locale\": 1, \"title\": \"Shop\", \"draft_title\": \"Shop\", \"slug\": \"shop\", \"content_type\": 4, \"live\": false, \"has_unpublished_changes\": true, \"url_path\": \"/home/shop/\", \"owner\": 1, \"seo_title\": \"\", \"show_in_menus\": false, \"search_description\": \"\", \"go_live_at\": null, \"expire_at\": null, \"expired\": false, \"locked\": false, \"locked_at\": null, \"locked_by\": null, \"first_published_at\": null, \"last_published_at\": null, \"latest_revision_created_at\": \"2021-08-24T14:13:23.608Z\", \"live_revision\": null, \"alias_of\": null, \"comments\": []}", "approved_go_live_at": null}}, {"model": "wagtailcore.pagerevision", "pk": 15, "fields": {"page": 5, "submitted_for_moderation": false, "created_at": "2021-08-24T15:30:18.664Z", "user": ["ludovic"], "content_json": "{\"pk\": 5, \"path\": \"0001000100030001\", \"depth\": 4, \"numchild\": 0, \"translation_key\": \"87728ca7-7587-4565-b39d-f825bca4706f\", \"locale\": 1, \"title\": \"The Classic Cart\", \"draft_title\": \"The Classic Cart\", \"slug\": \"the-classic-cart\", \"content_type\": 7, \"live\": true, \"has_unpublished_changes\": false, \"url_path\": \"/home/shop/the-classic-cart/\", \"owner\": 1, \"seo_title\": \"\", \"show_in_menus\": false, \"search_description\": \"\", \"go_live_at\": null, \"expire_at\": null, \"expired\": false, \"locked\": false, \"locked_at\": null, \"locked_by\": null, \"first_published_at\": \"2021-08-24T01:55:25.741Z\", \"last_published_at\": \"2021-08-24T02:06:47.208Z\", \"latest_revision_created_at\": \"2021-08-24T02:06:47.185Z\", \"live_revision\": 6, \"alias_of\": null, \"sku\": \"1\", \"short_description\": \"Shop in confidence with this OG cart.\", \"price\": \"250.00\", \"image\": 4, \"comments\": [], \"custom_fields\": []}", "approved_go_live_at": null}}, {"model": "wagtailcore.pagerevision", "pk": 16, "fields": {"page": 4, "submitted_for_moderation": false, "created_at": "2021-08-24T15:31:16.343Z", "user": ["ludovic"], "content_json": "{\"pk\": 4, \"path\": \"0001000100030002\", \"depth\": 4, \"numchild\": 0, \"translation_key\": \"2378d797-c189-4c83-b8d2-8f2d3aa0dfbc\", \"locale\": 1, \"title\": \"The Shady Cart\", \"draft_title\": \"The Shady Cart\", \"slug\": \"the-shady-cart\", \"content_type\": 7, \"live\": true, \"has_unpublished_changes\": false, \"url_path\": \"/home/shop/the-shady-cart/\", \"owner\": 1, \"seo_title\": \"\", \"show_in_menus\": false, \"search_description\": \"\", \"go_live_at\": null, \"expire_at\": null, \"expired\": false, \"locked\": false, \"locked_at\": null, \"locked_by\": null, \"first_published_at\": \"2021-08-24T01:41:38.986Z\", \"last_published_at\": \"2021-08-24T01:41:38.986Z\", \"latest_revision_created_at\": \"2021-08-24T01:41:38.962Z\", \"live_revision\": 2, \"alias_of\": null, \"sku\": \"2\", \"short_description\": \"Perfect for your shady shopping.\", \"price\": \"200.00\", \"image\": 6, \"comments\": [], \"custom_fields\": []}", "approved_go_live_at": null}}, {"model": "wagtailcore.pagerevision", "pk": 17, "fields": {"page": 11, "submitted_for_moderation": false, "created_at": "2021-08-24T15:32:21.233Z", "user": ["ludovic"], "content_json": "{\"pk\": 11, \"path\": \"0001000100030003\", \"depth\": 4, \"numchild\": 0, \"translation_key\": \"88cb8124-be75-459d-bcce-2773b6c8d664\", \"locale\": 1, \"title\": \"The Little Cart\", \"draft_title\": \"The Little Cart\", \"slug\": \"the-little-cart\", \"content_type\": 7, \"live\": true, \"has_unpublished_changes\": false, \"url_path\": \"/home/shop/the-little-cart/\", \"owner\": 1, \"seo_title\": \"\", \"show_in_menus\": false, \"search_description\": \"\", \"go_live_at\": null, \"expire_at\": null, \"expired\": false, \"locked\": false, \"locked_at\": null, \"locked_by\": null, \"first_published_at\": null, \"last_published_at\": null, \"latest_revision_created_at\": null, \"live_revision\": null, \"alias_of\": null, \"sku\": \"3\", \"short_description\": \"The companion for your little ones.\", \"price\": \"100\", \"image\": 3, \"comments\": [], \"custom_fields\": []}", "approved_go_live_at": null}}, {"model": "wagtailcore.pagerevision", "pk": 18, "fields": {"page": 5, "submitted_for_moderation": false, "created_at": "2021-08-24T15:58:00.892Z", "user": ["ludovic"], "content_json": "{\"pk\": 5, \"path\": \"0001000100030001\", \"depth\": 4, \"numchild\": 0, \"translation_key\": \"87728ca7-7587-4565-b39d-f825bca4706f\", \"locale\": 1, \"title\": \"The Classic Cart\", \"draft_title\": \"The Classic Cart\", \"slug\": \"the-classic-cart\", \"content_type\": 7, \"live\": true, \"has_unpublished_changes\": false, \"url_path\": \"/home/shop/the-classic-cart/\", \"owner\": 1, \"seo_title\": \"\", \"show_in_menus\": false, \"search_description\": \"\", \"go_live_at\": null, \"expire_at\": null, \"expired\": false, \"locked\": false, \"locked_at\": null, \"locked_by\": null, \"first_published_at\": \"2021-08-24T01:55:25.741Z\", \"last_published_at\": \"2021-08-24T15:30:18.688Z\", \"latest_revision_created_at\": \"2021-08-24T15:30:18.664Z\", \"live_revision\": 15, \"alias_of\": null, \"sku\": \"1\", \"short_description\": \"Shop in confidence with this OG cart.\", \"price\": \"250.00\", \"image\": 9, \"comments\": [], \"custom_fields\": []}", "approved_go_live_at": null}}, {"model": "wagtailcore.pagerevision", "pk": 19, "fields": {"page": 12, "submitted_for_moderation": false, "created_at": "2021-08-24T19:00:02.688Z", "user": ["ludovic"], "content_json": "{\"pk\": 12, \"path\": \"0001000100030004\", \"depth\": 4, \"numchild\": 0, \"translation_key\": \"33aa2251-2773-4bd9-bd68-ed3c88093719\", \"locale\": 1, \"title\": \"The Pre-Owned Cart\", \"draft_title\": \"The Pre-Owned Cart\", \"slug\": \"the-pre-owned-cart\", \"content_type\": 7, \"live\": true, \"has_unpublished_changes\": false, \"url_path\": \"/home/shop/the-pre-owned-cart/\", \"owner\": 1, \"seo_title\": \"\", \"show_in_menus\": false, \"search_description\": \"\", \"go_live_at\": null, \"expire_at\": null, \"expired\": false, \"locked\": false, \"locked_at\": null, \"locked_by\": null, \"first_published_at\": null, \"last_published_at\": null, \"latest_revision_created_at\": null, \"live_revision\": null, \"alias_of\": null, \"sku\": \"4\", \"short_description\": \"A good choice in terms of saving and the environment.\", \"price\": \"50\", \"image\": 5, \"comments\": [], \"custom_fields\": []}", "approved_go_live_at": null}}, {"model": "wagtailcore.pagerevision", "pk": 21, "fields": {"page": 12, "submitted_for_moderation": false, "created_at": "2021-08-25T17:45:56.556Z", "user": ["ludovic"], "content_json": "{\"pk\": 12, \"path\": \"0001000100030004\", \"depth\": 4, \"numchild\": 0, \"translation_key\": \"33aa2251-2773-4bd9-bd68-ed3c88093719\", \"locale\": 1, \"title\": \"The Pre-Owned Cart\", \"draft_title\": \"The Pre-Owned Cart\", \"slug\": \"the-pre-owned-cart\", \"content_type\": 7, \"live\": true, \"has_unpublished_changes\": false, \"url_path\": \"/home/shop/the-pre-owned-cart/\", \"owner\": 1, \"seo_title\": \"\", \"show_in_menus\": false, \"search_description\": \"\", \"go_live_at\": null, \"expire_at\": null, \"expired\": false, \"locked\": false, \"locked_at\": null, \"locked_by\": null, \"first_published_at\": \"2021-08-24T19:00:02.700Z\", \"last_published_at\": \"2021-08-24T19:00:02.700Z\", \"latest_revision_created_at\": \"2021-08-24T19:00:02.688Z\", \"live_revision\": 19, \"alias_of\": null, \"sku\": \"4\", \"short_description\": \"A good choice in terms of saving and the environment.\", \"price\": \"50.00\", \"image\": 5, \"comments\": [], \"custom_fields\": [{\"pk\": null, \"sort_order\": 0, \"product\": 12, \"name\": \"Is this a gift?\", \"options\": \"Yes|No\"}]}", "approved_go_live_at": null}}, {"model": "wagtailcore.pagerevision", "pk": 22, "fields": {"page": 5, "submitted_for_moderation": false, "created_at": "2021-08-25T17:46:10.418Z", "user": ["ludovic"], "content_json": "{\"pk\": 5, \"path\": \"0001000100030001\", \"depth\": 4, \"numchild\": 0, \"translation_key\": \"87728ca7-7587-4565-b39d-f825bca4706f\", \"locale\": 1, \"title\": \"The Classic Cart\", \"draft_title\": \"The Classic Cart\", \"slug\": \"the-classic-cart\", \"content_type\": 7, \"live\": true, \"has_unpublished_changes\": false, \"url_path\": \"/home/shop/the-classic-cart/\", \"owner\": 1, \"seo_title\": \"\", \"show_in_menus\": false, \"search_description\": \"\", \"go_live_at\": null, \"expire_at\": null, \"expired\": false, \"locked\": false, \"locked_at\": null, \"locked_by\": null, \"first_published_at\": \"2021-08-24T01:55:25.741Z\", \"last_published_at\": \"2021-08-24T15:58:00.913Z\", \"latest_revision_created_at\": \"2021-08-24T15:58:00.892Z\", \"live_revision\": 18, \"alias_of\": null, \"sku\": \"1\", \"short_description\": \"Shop in confidence with this OG cart.\", \"price\": \"250.00\", \"image\": 9, \"comments\": [], \"custom_fields\": [{\"pk\": null, \"sort_order\": 0, \"product\": 5, \"name\": \"Is this a gift?\", \"options\": \"Yes|No\"}]}", "approved_go_live_at": null}}, {"model": "wagtailcore.pagerevision", "pk": 23, "fields": {"page": 11, "submitted_for_moderation": false, "created_at": "2021-08-25T17:47:01.738Z", "user": ["ludovic"], "content_json": "{\"pk\": 11, \"path\": \"0001000100030003\", \"depth\": 4, \"numchild\": 0, \"translation_key\": \"88cb8124-be75-459d-bcce-2773b6c8d664\", \"locale\": 1, \"title\": \"The Little Cart\", \"draft_title\": \"The Little Cart\", \"slug\": \"the-little-cart\", \"content_type\": 7, \"live\": true, \"has_unpublished_changes\": false, \"url_path\": \"/home/shop/the-little-cart/\", \"owner\": 1, \"seo_title\": \"\", \"show_in_menus\": false, \"search_description\": \"\", \"go_live_at\": null, \"expire_at\": null, \"expired\": false, \"locked\": false, \"locked_at\": null, \"locked_by\": null, \"first_published_at\": \"2021-08-24T15:32:21.248Z\", \"last_published_at\": \"2021-08-24T15:32:21.248Z\", \"latest_revision_created_at\": \"2021-08-24T15:32:21.233Z\", \"live_revision\": 17, \"alias_of\": null, \"sku\": \"3\", \"short_description\": \"The companion for your little ones.\", \"price\": \"100.00\", \"image\": 3, \"comments\": [], \"custom_fields\": [{\"pk\": null, \"sort_order\": 0, \"product\": 11, \"name\": \"Is this a gift?\", \"options\": \"Yes|No\"}]}", "approved_go_live_at": null}}, {"model": "wagtailcore.pagerevision", "pk": 24, "fields": {"page": 4, "submitted_for_moderation": false, "created_at": "2021-08-25T17:47:15.306Z", "user": ["ludovic"], "content_json": "{\"pk\": 4, \"path\": \"0001000100030002\", \"depth\": 4, \"numchild\": 0, \"translation_key\": \"2378d797-c189-4c83-b8d2-8f2d3aa0dfbc\", \"locale\": 1, \"title\": \"The Shady Cart\", \"draft_title\": \"The Shady Cart\", \"slug\": \"the-shady-cart\", \"content_type\": 7, \"live\": true, \"has_unpublished_changes\": false, \"url_path\": \"/home/shop/the-shady-cart/\", \"owner\": 1, \"seo_title\": \"\", \"show_in_menus\": false, \"search_description\": \"\", \"go_live_at\": null, \"expire_at\": null, \"expired\": false, \"locked\": false, \"locked_at\": null, \"locked_by\": null, \"first_published_at\": \"2021-08-24T01:41:38.986Z\", \"last_published_at\": \"2021-08-24T15:31:16.366Z\", \"latest_revision_created_at\": \"2021-08-24T15:31:16.343Z\", \"live_revision\": 16, \"alias_of\": null, \"sku\": \"2\", \"short_description\": \"Perfect for your shady shopping.\", \"price\": \"200.00\", \"image\": 6, \"comments\": [], \"custom_fields\": [{\"pk\": null, \"sort_order\": 0, \"product\": 4, \"name\": \"Is this a gift?\", \"options\": \"Yes|No\"}]}", "approved_go_live_at": null}}, {"model": "wagtailcore.page", "pk": 1, "fields": {"path": "0001", "depth": 1, "numchild": 1, "translation_key": "e795bf15-352d-4f2a-8cc7-06ab74a1d52c", "locale": 1, "title": "Root", "draft_title": "Root", "slug": "root", "content_type": ["wagtailcore", "page"], "live": true, "has_unpublished_changes": false, "url_path": "/", "owner": null, "seo_title": "", "show_in_menus": false, "search_description": "", "go_live_at": null, "expire_at": null, "expired": false, "locked": false, "locked_at": null, "locked_by": null, "first_published_at": null, "last_published_at": null, "latest_revision_created_at": null, "live_revision": null, "alias_of": null}}, {"model": "wagtailcore.page", "pk": 3, "fields": {"path": "00010001", "depth": 2, "numchild": 1, "translation_key": "bb73e178-1271-4856-89fb-2c2ddf3f0ca3", "locale": 1, "title": "Home", "draft_title": "Home", "slug": "home", "content_type": ["home", "homepage"], "live": true, "has_unpublished_changes": false, "url_path": "/home/", "owner": null, "seo_title": "", "show_in_menus": false, "search_description": "", "go_live_at": null, "expire_at": null, "expired": false, "locked": false, "locked_at": null, "locked_by": null, "first_published_at": null, "last_published_at": null, "latest_revision_created_at": null, "live_revision": null, "alias_of": null}}, {"model": "wagtailcore.page", "pk": 4, "fields": {"path": "0001000100030002", "depth": 4, "numchild": 0, "translation_key": "2378d797-c189-4c83-b8d2-8f2d3aa0dfbc", "locale": 1, "title": "The Shady Cart", "draft_title": "The Shady Cart", "slug": "the-shady-cart", "content_type": ["home", "product"], "live": true, "has_unpublished_changes": false, "url_path": "/home/shop/the-shady-cart/", "owner": ["ludovic"], "seo_title": "", "show_in_menus": false, "search_description": "", "go_live_at": null, "expire_at": null, "expired": false, "locked": false, "locked_at": null, "locked_by": null, "first_published_at": "2021-08-24T01:41:38.986Z", "last_published_at": "2021-08-25T17:47:15.324Z", "latest_revision_created_at": "2021-08-25T17:47:15.306Z", "live_revision": 24, "alias_of": null}}, {"model": "wagtailcore.page", "pk": 5, "fields": {"path": "0001000100030001", "depth": 4, "numchild": 0, "translation_key": "87728ca7-7587-4565-b39d-f825bca4706f", "locale": 1, "title": "The Classic Cart", "draft_title": "The Classic Cart", "slug": "the-classic-cart", "content_type": ["home", "product"], "live": true, "has_unpublished_changes": false, "url_path": "/home/shop/the-classic-cart/", "owner": ["ludovic"], "seo_title": "", "show_in_menus": false, "search_description": "", "go_live_at": null, "expire_at": null, "expired": false, "locked": false, "locked_at": null, "locked_by": null, "first_published_at": "2021-08-24T01:55:25.741Z", "last_published_at": "2021-08-25T17:46:10.438Z", "latest_revision_created_at": "2021-08-25T17:46:10.418Z", "live_revision": 22, "alias_of": null}}, {"model": "wagtailcore.page", "pk": 10, "fields": {"path": "000100010003", "depth": 3, "numchild": 4, "translation_key": "71594a48-cbfb-43be-b348-9798a20191db", "locale": 1, "title": "Shop", "draft_title": "Shop", "slug": "shop", "content_type": ["home", "homepage"], "live": true, "has_unpublished_changes": false, "url_path": "/home/shop/", "owner": ["ludovic"], "seo_title": "", "show_in_menus": false, "search_description": "", "go_live_at": null, "expire_at": null, "expired": false, "locked": false, "locked_at": null, "locked_by": null, "first_published_at": "2021-08-24T14:13:41.919Z", "last_published_at": "2021-08-24T14:13:41.919Z", "latest_revision_created_at": "2021-08-24T14:13:41.905Z", "live_revision": 14, "alias_of": null}}, {"model": "wagtailcore.page", "pk": 11, "fields": {"path": "0001000100030003", "depth": 4, "numchild": 0, "translation_key": "88cb8124-be75-459d-bcce-2773b6c8d664", "locale": 1, "title": "The Little Cart", "draft_title": "The Little Cart", "slug": "the-little-cart", "content_type": ["home", "product"], "live": true, "has_unpublished_changes": false, "url_path": "/home/shop/the-little-cart/", "owner": ["ludovic"], "seo_title": "", "show_in_menus": false, "search_description": "", "go_live_at": null, "expire_at": null, "expired": false, "locked": false, "locked_at": null, "locked_by": null, "first_published_at": "2021-08-24T15:32:21.248Z", "last_published_at": "2021-08-25T17:47:01.758Z", "latest_revision_created_at": "2021-08-25T17:47:01.738Z", "live_revision": 23, "alias_of": null}}, {"model": "wagtailcore.page", "pk": 12, "fields": {"path": "0001000100030004", "depth": 4, "numchild": 0, "translation_key": "33aa2251-2773-4bd9-bd68-ed3c88093719", "locale": 1, "title": "The Pre-Owned Cart", "draft_title": "The Pre-Owned Cart", "slug": "the-pre-owned-cart", "content_type": ["home", "product"], "live": true, "has_unpublished_changes": false, "url_path": "/home/shop/the-pre-owned-cart/", "owner": ["ludovic"], "seo_title": "", "show_in_menus": false, "search_description": "", "go_live_at": null, "expire_at": null, "expired": false, "locked": false, "locked_at": null, "locked_by": null, "first_published_at": "2021-08-24T19:00:02.700Z", "last_published_at": "2021-08-25T17:45:56.581Z", "latest_revision_created_at": "2021-08-25T17:45:56.556Z", "live_revision": 21, "alias_of": null}}, {"model": "wagtailcore.groupcollectionpermission", "fields": {"group": ["Editors"], "collection": 1, "permission": ["add_image", "wagtailimages", "image"]}}, {"model": "wagtailcore.groupcollectionpermission", "fields": {"group": ["Moderators"], "collection": 1, "permission": ["add_image", "wagtailimages", "image"]}}, {"model": "wagtailcore.groupcollectionpermission", "fields": {"group": ["Editors"], "collection": 1, "permission": ["change_image", "wagtailimages", "image"]}}, {"model": "wagtailcore.groupcollectionpermission", "fields": {"group": ["Moderators"], "collection": 1, "permission": ["change_image", "wagtailimages", "image"]}}, {"model": "wagtailcore.groupcollectionpermission", "fields": {"group": ["Editors"], "collection": 1, "permission": ["add_document", "wagtaildocs", "document"]}}, {"model": "wagtailcore.groupcollectionpermission", "fields": {"group": ["Moderators"], "collection": 1, "permission": ["add_document", "wagtaildocs", "document"]}}, {"model": "wagtailcore.groupcollectionpermission", "fields": {"group": ["Editors"], "collection": 1, "permission": ["change_document", "wagtaildocs", "document"]}}, {"model": "wagtailcore.groupcollectionpermission", "fields": {"group": ["Moderators"], "collection": 1, "permission": ["change_document", "wagtaildocs", "document"]}}, {"model": "wagtailcore.groupcollectionpermission", "fields": {"group": ["Editors"], "collection": 1, "permission": ["choose_document", "wagtaildocs", "document"]}}, {"model": "wagtailcore.groupcollectionpermission", "fields": {"group": ["Moderators"], "collection": 1, "permission": ["choose_document", "wagtaildocs", "document"]}}, {"model": "wagtailimages.image", "pk": 1, "fields": {"collection": 1, "title": "CowboyChuck.gif", "file": "original_images/CowboyChuck.gif", "width": 396, "height": 516, "created_at": "2021-08-24T01:39:59.793Z", "uploaded_by_user": ["ludovic"], "focal_point_x": null, "focal_point_y": null, "focal_point_width": null, "focal_point_height": null, "file_size": 2133650, "file_hash": "a0c5fedb59c0535c4648feacec3648bcc4b4b56b"}}, {"model": "wagtailimages.image", "pk": 2, "fields": {"collection": 1, "title": "Summer Party", "file": "original_images/PartySummer_Optimized.gif", "width": 944, "height": 534, "created_at": "2021-08-24T01:53:59.146Z", "uploaded_by_user": ["ludovic"], "focal_point_x": null, "focal_point_y": null, "focal_point_width": null, "focal_point_height": null, "file_size": 7852398, "file_hash": "3c10ba90cb4bbdf4bdeaefa6fe32c58a259acb76"}}, {"model": "wagtailimages.image", "pk": 3, "fields": {"collection": 1, "title": "BabyCart.jpeg", "file": "original_images/BabyCart.jpeg", "width": 2754, "height": 2754, "created_at": "2021-08-24T14:38:18.916Z", "uploaded_by_user": ["ludovic"], "focal_point_x": 981, "focal_point_y": 1518, "focal_point_width": 1782, "focal_point_height": 2270, "file_size": 2028334, "file_hash": "ada7a30b678a6b00cde292f7dbfe8af89131de8d"}}, {"model": "wagtailimages.image", "pk": 4, "fields": {"collection": 1, "title": "Classic Cart.jpeg", "file": "original_images/Classic_Cart.jpeg", "width": 4000, "height": 6000, "created_at": "2021-08-24T14:38:20.068Z", "uploaded_by_user": ["ludovic"], "focal_point_x": 1960, "focal_point_y": 4290, "focal_point_width": 2240, "focal_point_height": 2060, "file_size": 4187344, "file_hash": "576d8407459cafcacc79e4a111511974877033b9"}}, {"model": "wagtailimages.image", "pk": 5, "fields": {"collection": 1, "title": "PreownedCart2.jpeg", "file": "original_images/PreownedCart2.jpeg", "width": 4000, "height": 6000, "created_at": "2021-08-24T14:38:21.057Z", "uploaded_by_user": ["ludovic"], "focal_point_x": null, "focal_point_y": null, "focal_point_width": null, "focal_point_height": null, "file_size": 3484384, "file_hash": "d303df7f3f9bbb00d2f1bcccadb94b926fb58eb9"}}, {"model": "wagtailimages.image", "pk": 6, "fields": {"collection": 1, "title": "ShadyCart.jpeg", "file": "original_images/ShadyCart.jpeg", "width": 3661, "height": 4577, "created_at": "2021-08-24T14:38:21.495Z", "uploaded_by_user": ["ludovic"], "focal_point_x": 1849, "focal_point_y": 3039, "focal_point_width": 1345, "focal_point_height": 1365, "file_size": 1060608, "file_hash": "9609abf6b03a6d3a345aeb8d28a7cd441bd9320f"}}, {"model": "wagtailimages.image", "pk": 7, "fields": {"collection": 1, "title": "The orange cart.jpeg", "file": "original_images/The_orange_cart.jpeg", "width": 3456, "height": 4320, "created_at": "2021-08-24T14:38:22.077Z", "uploaded_by_user": ["ludovic"], "focal_point_x": null, "focal_point_y": null, "focal_point_width": null, "focal_point_height": null, "file_size": 2175974, "file_hash": "5094ee0caae811d25ec6e0a3578114f3528bb9fe"}}, {"model": "wagtailimages.image", "pk": 8, "fields": {"collection": 1, "title": "CartCoverLudo-Charles.jpg", "file": "original_images/CartCoverLudo-Charles.jpg", "width": 5472, "height": 3648, "created_at": "2021-08-24T14:39:45.244Z", "uploaded_by_user": ["ludovic"], "focal_point_x": null, "focal_point_y": null, "focal_point_width": null, "focal_point_height": null, "file_size": 1331053, "file_hash": "b89a53aacb624c49b8f8161d5b2b1519ba1a7419"}}, {"model": "wagtailimages.image", "pk": 9, "fields": {"collection": 1, "title": "Classic Cart.jpeg", "file": "original_images/Classic_Cart_se9qOGm.jpeg", "width": 4000, "height": 3308, "created_at": "2021-08-24T15:57:56.093Z", "uploaded_by_user": ["ludovic"], "focal_point_x": null, "focal_point_y": null, "focal_point_width": null, "focal_point_height": null, "file_size": 2928230, "file_hash": "a87b1b835477ce0ad289173343b9108b9216edc8"}}, {"model": "wagtailusers.userprofile", "pk": 1, "fields": {"user": ["ludovic"], "submitted_notifications": true, "approved_notifications": true, "rejected_notifications": true, "updated_comments_notifications": true, "preferred_language": "", "current_time_zone": "", "avatar": ""}}, {"model": "home.snipcartsettings", "pk": 1, "fields": {"site": ["localhost", 80], "api_key": "MGJmMTczYjEtOGRkYy00YzMyLWI2MTUtZmEyMThlNWYyMmIzNjM3MzkzMTc2OTA2OTMzOTc3"}}, {"model": "home.product", "pk": 4, "fields": {"page_ptr": 4, "sku": "2", "short_description": "Perfect for your shady shopping.", "price": "200.00", "image": 6}}, {"model": "home.product", "pk": 5, "fields": {"page_ptr": 5, "sku": "1", "short_description": "Shop in confidence with this OG cart.", "price": "250.00", "image": 9}}, {"model": "home.product", "pk": 11, "fields": {"page_ptr": 11, "sku": "3", "short_description": "The companion for your little ones.", "price": "100.00", "image": 3}}, {"model": "home.product", "pk": 12, "fields": {"page_ptr": 12, "sku": "4", "short_description": "A good choice in terms of saving and the environment.", "price": "50.00", "image": 5}}, {"model": "home.homepage", "pk": 3, "fields": {"page_ptr": 3}}, {"model": "home.homepage", "pk": 10, "fields": {"page_ptr": 10}}]
